{"max": [5.21466, 1.26411, 5.99828], "centroid": [4.239565081804928, 0.4787331126685741, 3.618700105773208], "id": "1d5872004edf12038644d87f4c93cda7", "numVertices": 19192, "min": [3.19666, -0.00147348, 1.5018]}
