{"max": [2.34224, 1.8796, 5.57017], "centroid": [1.1017545684487515, 0.5775121106462234, 2.1111159684679746], "id": "1a48d03a977a6f0aeda0253452893d75", "numVertices": 113312, "min": [-0.163627, -0.0805626, 0.0]}
